Injection Rate,Pressure,Temperature,Permeability,Flow Rate
104.96714153011233,1.669930329036279,23.453954614750682,5.027897812837624,3368.341236115097
98.61735698828815,1.418271361337601,21.239217972047083,3.8649226460289445,1616.5864566190498
106.47688538100692,3.545720998174547,26.5958725520959,5.882251438117111,14974.571002557153
115.23029856408026,3.8259029059476046,31.70225223011572,8.090684272938622,22863.488198001836
97.65846625276664,1.1263445793025681,15.624137651771278,9.949424725016305,1257.055881184755
97.6586304305082,4.744848984974759,25.575130395737087,5.591728618517461,20940.179241309423
115.79212815507391,1.2078851346058896,24.199336022166797,6.010458823203958,1249.4850415049118
107.67434729152909,3.165185341204282,28.356700382252328,4.648993969636764,10065.933594404623
95.30525614065049,3.8362420778036657,26.065983141188447,7.273811374880304,20630.28988744245
105.42560043585965,4.483876494984342,21.240153341305906,4.834538540609362,16842.93518572486
95.36582307187538,3.856347728529711,23.40473032166691,9.841064701872318,28109.502807506913
95.34270246429743,4.206912332279167,21.019870715982556,3.0254709158652036,9702.419991040066
102.41962271566034,2.3578007701712242,30.38003569299299,6.173001360294837,8381.706001276343
80.86719755342202,4.2593004549860485,25.10655824335971,8.589612888344414,27996.129195134974
82.75082167486967,1.3204593855387006,34.50595342876504,8.100430902972317,2595.85910976521
94.37712470759027,4.579266624242111,24.696695930926897,28.40362653730129,101664.15247240002
89.87168879665576,3.190369504614945,21.457966165447687,8.801305055799672,19278.110195036938
103.14247332595274,4.269191079849975,17.431428036935863,4.4726125526759555,14621.82506083326
90.91975924478788,2.8092731380732006,15.984301618720275,7.04464586453453,12745.688529940784
85.87696298664709,3.5743107807861,17.079320284972553,3.0400587268271133,7826.055954693903
114.65648768921554,3.105610643744453,26.335633255057417,7.097198476120126,14943.936652085447
97.74223699513465,3.9263580870213275,27.54362511614967,4.871841375582677,14256.752408121474
100.67528204687923,1.3265199281223583,17.094046489839332,11.677864628459607,3813.0555191072613
85.75251813786544,1.2414083359622552,29.475191570380577,5.61381128722874,1355.2208412560158
94.55617275474818,1.9884129360405858,22.5846947415828,6.97001266680122,6889.250684233067
101.10922589709867,1.6381787204527534,25.733965059927748,5.377486540876708,3431.7974799086005
88.49006422577698,4.487134266368807,33.06110314127712,17.62689174391537,61467.338209780704
103.75698018345672,1.8768559494321773,29.48419657932766,6.292626914169379,5517.727347246462
93.99361310081196,4.903461023276526,23.657346760470837,18.47241469528065,72106.35076882855
97.08306250206724,2.3475831670844274,20.544038872923565,11.101451672340891,14960.129403847852
93.98293387770603,1.7284716627547971,14.240922993353475,9.403043031731464,6849.850392280328
118.52278184508938,4.1587940285699165,21.4042334037879,8.885018765603126,28065.944220518806
99.86502775262066,3.6348311020035045,23.944348805861527,8.997067123926673,23705.752284935214
89.422890710441,2.992782865812556,20.06410236424408,2.8183841107012357,5616.427565083781
108.22544912103189,3.221454203750525,24.343715164538477,6.427324163788263,14278.006282514765
87.79156350028978,3.8768071130890553,25.384259414793842,11.274899655240072,32435.71152755997
102.08863595004756,1.913818965325195,23.875720090959607,7.21059453923712,6589.1780412251655
80.40329876120225,4.985335664226968,21.7499870958827,3.6597874669879142,14585.481515677811
86.71813951101569,4.8991726485871325,25.84327335983364,7.197960879368069,28066.09218643216
101.96861235869123,3.6013027453877475,27.209703247847045,17.323305923952677,45063.16325916993
107.3846657999541,1.7981698037165805,19.548004612785768,13.783136577182535,11001.283416408605
101.7136828118997,3.7209129697251653,32.054661898731354,7.16349503545047,19491.246550519016
98.8435171761176,1.2887936359167034,24.507059338578692,11.890320176166142,3433.848795888757
96.98896304410711,1.1226100088232243,25.094248114724238,6.151810875739988,754.273585753287
85.21478009632573,2.0307315540448547,28.541072116282784,3.1520852141827165,3248.95369129636
92.80155791605291,2.850491826957265,26.166080656317508,4.654185889382826,8612.53294944275
95.39361229040213,4.4730900216335225,29.765683169566223,16.142319830295108,56063.72992861488
110.57122226218915,3.908676279065232,26.43562082600912,6.443059204540545,18740.773472859986
103.43618289568461,3.970826084799924,21.93781312679781,6.542425775041011,19436.409150359195
82.36959844637266,2.7019733377923014,26.80751762603051,6.3603340646601785,10825.11899750376
103.24083969394795,2.3837399701878517,19.28136896339669,19.145511367046204,26492.40932826769
96.14917719583684,2.484155051938411,25.542798528882617,16.65948056499709,24725.252243210198
93.23077999694041,4.950598254944231,24.833850046777695,22.407374349728855,88522.53400392094
106.11676288840867,1.16043676564993,23.959415713637302,6.824215536786514,1094.8550688200287
110.30999522495951,4.468125984489794,24.357312442805345,8.566097354688262,29708.304821463647
109.31280119116198,3.3147016342895737,15.590754772511804,3.4614193623671636,8012.153055032847
91.60782476777362,2.754461676758362,22.256375461295193,15.463265031377901,27129.705895110215
96.90787624148786,3.901030641660546,25.464224505705573,4.121059227476149,11955.319095006245
103.31263431403563,2.9466757656988114,25.799281959987002,8.234954034431123,16030.785450470723
109.75545127122359,4.493692952326642,19.86162429537021,4.268868211206973,14914.114783905039
95.2082576215471,4.602807456045034,31.328539204323505,5.504503561975935,19831.666474913345
98.14341023336183,2.6868837074938217,20.669125758927496,4.861605749507265,8200.963531102096
88.93665025993971,2.1073111889402063,29.847286002633684,5.45243539135723,6037.542715823432
88.0379337591933,3.369401314373449,27.135971809358423,5.643128715129453,13370.83659480628
108.12525822394198,4.649453382466763,21.768863450780984,5.61738134538534,20500.371351522226
113.56240028570824,1.8426487560226663,33.87655446304756,11.208438766543965,9444.7769835845
99.27989878419666,3.491866334253931,19.0318158412176,4.252761784221505,10597.31391770325
110.03532897892023,3.526240880370082,29.595770868050007,8.250474497217622,20842.68595732196
103.61636025047635,3.932452089661124,30.002911590214893,13.585181133741203,39837.892804064264
93.54880245394875,1.5262707405090392,21.646898954616777,5.716757749895866,3008.5623343484863
103.61395605508415,3.8632998587283542,31.962326500321645,5.1605365395777785,14776.163544735564
115.38036566465969,4.636130082662564,23.749767427005235,6.58462698489868,23942.56026290179
99.64173960890048,1.7187324354809679,26.443468146399287,13.327940274112036,9579.222973157423
115.64643655814007,1.9501732996955106,26.301609193856102,8.142146275567297,7736.449993259291
73.80254895910255,4.885580376166558,24.32845629264726,5.6654869742243665,22013.70500847345
108.21902504375224,1.723907810837959,29.05404136579891,9.411556279168195,6813.099102630896
100.87047068238171,4.4175403734783165,28.967443602761065,4.258231465254519,14552.677952123046
97.00992649534132,2.969111425792139,16.257340133809095,10.38829566144851,20455.711681465167
100.91760776535503,1.9889242976127082,31.521701214390763,9.063937731668508,8963.548254895602
80.12431085399108,4.482999605090045,16.68754005982163,6.335037697527143,22064.93379871759
97.80328112162488,2.781221020010662,30.162731021708286,4.858389968265334,8653.866334883145
103.57112571511746,3.0592694157187608,30.633525684137915,4.742951109231671,9767.014159490152
114.77894044741517,2.4369334775990628,19.54516784892401,9.654350745214563,13872.659790282265
94.81729781726352,3.3718034057397097,22.945928560227077,13.660251306723426,32399.43057254694
91.91506397106812,1.654095490340091,19.47147665757032,5.372783551652076,3514.3134917090406
94.98242956415463,2.564326146607043,23.925394848556323,9.292367383836105,14536.2932624133
109.15402117702074,4.87764928934115,23.459828579071292,2.6025363550760496,10091.72324774515
103.28751109659684,2.03253373080451,28.898302661346698,5.516210575887057,5695.673485823959
94.70239796232961,3.626946658165169,31.55154373059804,7.275194394285517,19111.547601570306
105.13267433113356,2.3007602568987795,31.97841905394978,4.688713751859874,6098.892504394089
100.9707754934804,4.093892502746403,22.18915986710849,4.6262509617372105,14313.123166342093
109.68644990532889,1.5234946428733993,23.95389063127736,5.29154477799439,2770.095343804774
92.97946906122648,4.879284180314179,16.58280903889525,8.551411560892015,33173.35558752418
96.72337853402232,2.815158165534557,20.970649667519055,6.728387329501652,12213.087202024177
96.07891846867842,1.9442018533858558,29.824258165487286,2.413032809047163,2278.390050583209
85.36485051867882,1.2939869893200506,33.07791411774116,2.5590853863103353,752.3378081343142
102.96120277064576,1.679031620350163,18.82825564060039,5.455189792496284,3704.2463641164213
102.6105527217989,3.0790957942240706,22.037678704235528,9.289115078616945,19312.96009201589
100.05113456642461,2.348012705725145,24.867971215205365,1.8705781957009104,2521.563174857244
97.65412866624852,4.315533463530437,26.400805794098034,5.75537909289844,19082.15197780823
85.84629257949585,2.7235500946472238,20.95198240039177,5.679573101609997,9789.028756835736
95.79354677234642,1.9948570903505196,27.120305222320447,14.79321883733934,14717.138649433913
96.57285483473231,3.46857994641612,22.63080326464542,6.095123919986699,15046.300679800377
91.9772273077838,3.8271088675417833,24.927738645608603,8.9485767059324,25298.600557219328
98.3871428833399,1.6681676316037994,27.7314212400185,7.929805990141304,5298.439687510337
104.04050856814538,1.6704768651532707,25.032111349054688,2.546492087410042,1707.3640319042936
118.8618590121053,1.1466857077341719,22.818070547367157,10.849333052873376,1591.4420973044748
101.74577812831839,3.945608060262562,24.451950980370846,8.2292777507558,24240.226872765652
102.57550390722764,3.6552181104872203,24.558185203973323,9.527042367736449,25296.37543419287
99.25554084233833,2.8985235029992555,23.14994485058936,52.62118804704018,99902.56226304927
80.81228784700959,4.376681795876788,23.706019686664487,2.606331117368266,8800.750838044632
99.73486124550783,4.222680611800213,32.99323585252358,17.502580459375892,56405.22670290394
100.60230209941027,3.3414174575870086,27.804597239706194,6.399860801092653,14984.745805805114
124.63242112485287,4.4730851220530345,23.522598409854197,8.530640547702516,29627.64076780796
98.07639035218878,1.823364840147073,28.484772022553678,7.222808580617756,5947.006632393246
103.01547342333612,1.4476784775909115,23.33090255121995,5.976779234370798,2675.675428540092
99.65288230294756,2.0789984460679585,30.865623187933206,5.557139713532124,5996.145115483702
88.31321962380468,1.2283474243572594,26.84821096099047,8.712461592769706,1989.4681645205083
111.4282281451502,3.124678112004128,24.463489279978855,3.4605002227329424,7352.449079826092
107.51933032686775,4.746422769179846,27.238584629051388,10.754126955734883,40289.506089615905
107.91031947043047,1.1573741626740386,17.145619239657503,6.000860031607882,944.3803227983951
90.9061254520526,1.4884396560401072,19.366162655450974,4.199499411634454,2051.2020481593654
114.02794310936099,2.808796113133741,19.030374968004722,5.900243203545877,10672.336973117553
85.98148937207719,4.73550007011162,25.714715473818533,13.85400843474548,51751.649479318716
105.8685709380027,2.264624419907002,33.66257499742546,5.653825843766912,7149.966227928947
121.90455625809979,3.0289392347535697,36.15650073096316,8.839469018852007,17934.74550673748
90.09463674869312,1.1662914362015684,28.190255507203787,5.127005995213272,852.5771903580664
94.33702270397228,1.5933728038483554,27.504222374722286,10.793681589957728,6404.677108879593
100.99651365087641,4.946520491835388,15.994711329236305,10.409864533138652,41082.743697262114
94.965243458838,4.860474785744183,22.28663100132989,18.621268899396643,71886.93906468306
84.49336568933867,1.0197599237376385,21.061081240458805,6.768083957198452,133.73682284417575
100.68562974806028,4.807247141692956,21.89576200874442,10.322514695130183,39300.364568117926
89.37696286273895,3.5564797512620014,24.159280907076052,7.760399150322091,19839.303289509266
104.73592430635182,4.4716731780800885,22.639547111514364,14.124853297085247,49036.874335806955
90.80575765766197,2.8189594225354364,15.103500948121061,5.15818001082383,9382.520133821945
115.4993440501754,3.062384114317001,28.73955128058767,10.724197710182779,22117.41499627572
92.16746707663764,2.9553863210276807,19.636284871300965,6.703644622079221,13108.214995044484
96.77938483794324,3.6674570301844174,26.196234320555746,7.155676168267065,19087.458700767074
108.1351721736967,1.5586050190252516,35.370413348749864,7.735934121070732,4321.33162687881
87.69135683566044,1.1198943594907118,20.403077042067885,8.382282048236322,1004.9883372437855
102.2745993460413,2.2317197663647637,12.348562386268352,6.971883922613152,8587.407236283325
113.07142754282428,3.818723050946587,23.569978890599447,8.226466606571108,23188.131051784327
83.92516765438772,1.8074138084917934,30.504798174992857,16.265707036306136,13133.1564659957
101.84633858532304,3.6937297332996692,34.79173727110297,12.094186018719547,32578.468478681996
102.59882794248423,4.879648184429081,18.852252027737915,11.410994223706544,44270.643022533826
107.81822871777311,1.3756028631576735,27.483496116182607,5.883961367247199,2210.0327362471876
87.63049289121918,3.690408472900505,22.673447716099734,4.7368842383442855,12744.15348999032
86.79543386915724,2.7750008772182846,24.47025822847932,11.913238718679336,21146.00917616665
105.21941565616898,4.472569017510022,38.221716735085174,11.450385485219114,39762.25387451835
102.96984673233186,1.7085991577895436,17.485148358024233,15.430334394874912,10933.92195661939
102.50492850345877,3.770503808904658,26.268698307472867,5.4630633580660595,15135.43784180949
103.46448209496975,4.35246115859244,27.338465858827167,6.58784096762873,22085.480962959355
93.1997527842151,4.778456877896093,30.428931624696737,3.255213675227895,12299.684500186258
102.32253697161003,3.7329921131585833,25.48991576735448,6.072463960277149,16595.996110877182
102.93072473298682,2.9886990560337092,26.54025269752051,12.161621993788055,24185.8061788851
92.85648581973632,3.4713889608048554,23.041757162891045,5.851817579781678,14462.117367316227
118.65774511144757,4.475619937914873,26.345634706225535,10.178115718754746,35375.26192250876
104.73832920911788,3.2824389865553187,23.28403862251295,6.7177175530759206,15332.780443807478
88.08696502797352,1.1215482387873474,28.107859449280255,8.688745035929319,1056.1016563895164
106.5655360863383,4.723794782027911,23.15194831978183,4.1626600503095075,15500.891774698583
90.25318329772679,3.7581070041262445,26.885501969510933,7.71066723100335,21266.845296317053
107.87084603742451,3.706053543108986,24.853685931575107,1.6560446440211278,4481.345476500032
111.58595579007404,1.8627006095908687,30.63025125386084,6.7298437127904736,5805.840273475616
91.7931768164829,3.635541880930629,24.74303138205757,3.2699129970302256,8617.99265067255
109.63376129244321,2.575457622616634,16.134837658965594,13.504152871814357,21275.22057888024
104.12780926936499,3.6049319081659683,31.309607503569957,10.899355688947738,28392.079412590236
108.2206015999449,1.4263721212319629,20.471338495686904,9.330937489331799,3978.451610409245
118.96792982653947,3.631381218412144,21.7311683067559,15.807794063794018,41596.332403994566
97.5461188399713,4.997654903082666,22.02169352978254,4.597633614906042,18379.75256320682
92.4626383564251,1.1928481554422241,31.872190465854086,17.70207030205878,3413.8116052606106
91.10485570374476,4.908696736885269,14.321628930106522,11.7763794305245,46030.29585241391
91.84189715034562,2.6276318428914824,40.688742668299966,6.56480205927792,10685.08087396032
99.22898290585896,4.483013801349037,30.28028404533026,13.037242554478842,45408.89574878478
103.41151974816644,4.129541936233094,26.1161945706458,4.249720617829167,13299.678890770794
102.7669079933002,3.268065043946671,24.725529996918567,4.8926932524200355,11096.946536567628
108.27183249036024,3.953796837005306,26.427770374288286,5.450487958735309,16099.63409264786
100.13001891877907,4.514062245205391,27.605612141896692,5.6718261940818815,19931.150289990124
114.53534077157317,2.616561286604132,28.226077929750286,4.35672739750652,7042.9168470966115
97.35343166762044,2.308132646252955,27.778022330017244,13.620030411128104,17816.806423754726
127.20169166589619,3.670373542254339,25.447903406276243,6.49201395887151,17336.102311716328
106.25667347765007,4.231383767765035,24.01330789846337,8.813216626739194,28478.885149441947
91.42842443583717,4.049140539106463,24.243633581732443,5.555699383535269,16940.108213426174
89.29107501938887,4.191254595434538,24.025458598236597,2.9733770172786453,9488.803070349917
104.82472415243186,2.742333259251732,30.668850484335323,8.45728905163144,14735.415997762995
97.7653721467415,4.2713368647000864,27.967783611404307,2.8401944333876616,9291.232752857031
107.14000494092092,1.4808362214824338,10.298056826678598,7.139787235495359,3433.0683165041
104.73237624573545,3.177956391843398,28.279503882648804,3.7278903378711434,8119.182589457702
99.27171087343127,1.0230346419924863,25.973680973593876,19.95815835045941,459.72903243218303
91.53206281931595,2.298343319601081,24.90645621777051,11.654371679565775,15131.375614312255
84.85152775314135,2.4658461394855915,23.05740773455557,7.790280723574531,11419.352924160747
95.53485047932979,2.5846907664370216,30.620563599930065,13.899506540559845,22026.419672856173
108.56398794323472,3.7818688267594487,29.737632310614288,4.839648099000206,13463.266179094298
102.14093744130204,2.554232405081383,21.135611660881956,9.696254620381572,15070.233138917121
87.54261221288012,2.7947744904901226,27.035261435622676,8.16539593401695,14655.044327125388
101.73180925851182,1.9501765234973099,20.14171632729357,8.431798046472046,8011.696554628217
103.85317379728836,2.4930071665173603,18.101909176055347,13.959729914572154,20841.976805103004
91.16142563798867,1.909078509052606,21.866413877050174,10.657310103507777,9688.331579408123
101.53725105945527,1.2927836950737746,29.311967361913794,8.536591713945679,2499.374865345182
100.58208718446,3.4137943735255116,29.765625226880434,3.230239496102224,7797.133920831432
88.57029702169376,3.672851194220065,27.565427100486467,4.572119360145489,12220.59469188155
103.57787360348283,3.477961384038458,28.625478934239986,6.949331953805732,17220.17622639513
105.60784526368235,2.8539761752022894,27.58089143557479,7.742202339681433,14353.8586813648
110.83051243175277,2.5191431207169193,21.792592023885238,4.199217244919802,6379.211990015771
110.53802052034902,4.4533345982873005,27.159612723369705,24.676178320322624,85215.10034707712
86.22330632042909,3.076327140544872,29.002047626138413,15.771381932845694,32746.548351066558
90.62174960084877,2.916727510518924,28.771456649067872,9.984752308456917,19138.049435336703
105.1503526720866,1.1025682632257428,30.944566857373214,7.660049383331776,785.677961471762
105.1378595091221,2.3649913105046254,28.541519236005318,6.645204821222186,9070.646837491726
105.15047686306048,2.5207824751434282,26.757241037707914,4.590737883060663,6981.513720535696
138.52731490654722,2.595291123587602,30.350751191582138,7.680927124883323,12253.314863249605
105.70890510693167,3.320689476909329,24.8673937037547,8.405416084785426,19506.36065700595
111.35565640180599,3.134410186907514,20.59062674386141,3.9714041099578896,8476.605388620488
109.54001763493203,3.4316203711737785,24.18466518028118,8.732818837460815,21234.900182939833
106.51391251305797,4.059533046168513,21.275486775967757,6.8371465639877735,20918.475854018092
96.84730755359655,4.251942954864374,21.62410862512809,2.846517226080409,9256.711639252266
107.58969220493267,3.8724923049059776,24.27740664642241,4.805722977148691,13804.40227136946
92.27174785462428,4.822094783819739,21.037900395000193,6.008632788836389,22965.56404009981
97.63181393259991,1.0729303307054465,23.4601923518048,18.988695504841072,1384.8518428330851
95.14636452170896,1.7831119427341844,15.531926665231072,9.75984542080086,7643.051508268694
100.81874139386322,1.0302514999125685,26.066468536864694,3.7895952358037066,114.64093994458575
123.14658566673509,3.589898856618412,25.006027376811122,9.42172454649513,24401.313630341363
81.32734807408252,4.592122195799948,20.914556844659046,3.408758011775736,12244.67531421052
106.86260190374513,1.973929186305197,28.296228342162024,12.696743292819216,12365.728863901386
83.87284128810349,4.708138179185227,29.68785068813279,5.838288414010053,21649.180169085445
95.28068134210567,1.2410695611582434,16.962200678155128,7.051087820001039,1699.8026464558857
110.88950596967366,4.737744107222057,21.18637610716893,14.337784477684696,53590.96944208586
100.64280019095463,2.4064907489585377,21.15428825106351,3.8822629404953273,5460.366910831247
89.22255222070694,1.405683313796866,20.300484494455677,3.674587595453267,1490.7188725603394
92.84696290740033,2.9434870367453025,29.147374209658743,5.5190201574648174,10726.14413156889
106.79597748934675,2.0271062708820318,24.030869306135983,12.418526442055015,12755.146383749032
92.69633368282864,2.1394916078476913,23.677425793446947,3.4567435046863944,3938.930214072163
102.16458589581976,2.2291598597051463,14.980688177966233,1.7930573882532321,2203.954167788619
100.45571839903813,4.212103591330654,28.17709015104613,5.896863331397493,18941.33588436793
93.48399652394183,3.156645106701018,18.80370802573264,9.736389878821154,20997.93758909296
121.43944089325325,2.2452307966240146,25.299663151331643,13.465500215268897,16767.65556000013
106.33919022318011,3.4413351332436735,26.386884689790957,5.86158074522476,14310.08300966184
79.74857413342393,3.8646026968927742,31.803292979193255,6.015182540067129,17231.108126578627
101.86454314769428,2.090496002934135,18.45589800440444,13.156953039384883,14347.604700241334
93.38213535231613,2.654196406101406,9.902439220895873,2.9012136520498863,4799.177196553257
108.52433334796224,1.4875443733477902,25.919247723768475,6.084469934209814,2966.449081227794
92.07479261567299,1.7245973981387213,34.00255590755427,8.1271632990076,5888.921380709413
98.85263558533102,3.7244714158599312,31.19473176469719,9.24986873527458,25201.002969712044
105.04987278980457,1.7257533907825078,26.048297076373128,5.726454930039279,4155.994082639215
108.65755194170121,3.1006535346682407,22.541819071839765,7.517401295665314,15791.455603258955
87.99703592944223,3.8361850468897307,29.035612983186553,2.1293916387040195,6039.34872466436
96.65498764159051,1.4275076923789753,20.132269001477656,5.316822198828833,2272.982389010624
95.25054688839043,3.269248878515614,27.381788846781095,9.269730957908349,21035.326580374993
93.46670767426288,2.026251134805455,27.527350795833133,4.521541533216933,4640.237129533874
117.65454240281096,4.851707500950319,30.3010495374944,7.610220228376933,29312.34233752328
104.04981710960955,2.934182586879699,38.79830019455539,9.239023981821138,17869.959305402386
87.39116045664954,4.223970199100632,26.962079835893835,6.225946005571023,20072.264383170597
109.17861947054776,3.200906168625047,22.455181871462507,8.046457122101046,17709.497115609134
121.22156197012633,1.1736501314192767,24.87212843904003,4.565982508829413,792.8834627163461
110.32465260551147,3.5326055023760894,16.15462047555441,6.663829772209688,16876.85194799586
84.80630034045987,4.805613368826628,21.52643434455471,10.025261772227463,38152.27022637537
95.15765927133748,3.4064472805853248,22.95358780943448,7.992363157841341,19233.20058663763
112.66911149186623,4.276755437707161,22.379558010327038,5.510935358095738,18057.98740149287
92.92330534381219,4.536825853393632,25.76177436016861,8.26564858720773,29234.159618302845
104.43819428146229,1.91231908779573,20.887900338088997,10.562446159219586,9636.321244870724
107.74634053429337,1.8481793596329066,30.605153336622358,2.6512450522803253,2248.731330673038
90.73069528421917,3.443923955403967,25.001035324590987,13.19102972741839,32237.873547283663
99.404746439382,2.644113879226819,24.953498394306926,6.245571362962376,10268.430561548
67.58732659930928,4.359445211466881,23.36052641743541,9.14077310444265,30707.926434825116
89.7561235866571,4.600092493592045,25.775953419294897,13.445217435666702,48404.026364856574
97.4743184860684,2.4136855172108724,29.125491323338174,3.721635236433997,5261.221834088403
87.5221681803515,1.9474822358979282,20.664348921445498,5.182458195316919,4910.287078346416
116.32411303931636,4.122102060975447,21.709417554623716,6.396338082885413,19970.020311272285
85.69858622039368,2.0992241421925444,23.481369856116675,4.993430954038239,5488.899857050382
95.59955513303017,4.290457274054713,18.270645382633926,17.592422822924476,57887.11564593799
101.30740577286092,2.6949530145950513,20.903710701392512,4.814412162118748,8160.202407686251
114.41273289066116,3.670199597165882,22.618895632276704,5.59697688638181,14945.045427363462
85.6413784882056,1.3821412553386727,29.37194590356364,8.184110379597655,3127.486214289709
111.63163752154959,3.495437298706292,26.312806645009626,4.050843929081932,10108.627031868999
100.10233061019586,2.8070707149489165,25.967949556837723,6.0627266681280325,10955.775814713987
90.18491348952048,3.3464338527018964,29.25448981083986,8.660103124333443,20320.35913882545
104.6210347426327,1.6720568309794537,24.313141058003016,6.256180141396769,4204.508599863702
101.9905969557347,3.9474949797767285,26.952324249644448,7.051966898091253,20785.637029675636
93.99783122841205,4.451188310172914,24.48389123533752,5.6708212230908,19571.071914211436
100.69802084990019,1.8669592003631026,26.326811746998143,3.4651809219634306,3004.170481218894
96.14686403138239,1.382858222080647,22.08620671194209,8.678047887882778,3322.461985485513
101.13517345251248,1.0945543441853456,12.805914208617855,17.76919847836296,1680.1549088208503
106.62130674521046,3.567886001773064,24.32860418906848,7.457355161729312,19149.637930054803
115.86016816145352,3.428376144355123,32.1137406804997,8.269979735119035,20082.621503063365
87.62184501173151,3.18678965085628,29.631077011207964,10.44748602353709,22846.45431373654
121.33033374656267,1.9277883844639017,29.826987422955852,3.917034066465398,3634.178708415999
80.47912200477498,2.5636239836220587,31.18065360903109,17.309531941793622,27065.599289460613
98.48214904964416,3.377905340744692,25.443287954807186,8.175684124298435,19441.00294341084
105.88317206484577,2.9870674354366775,25.986578537027977,16.7086817489226,33201.277392359254
102.80991867735032,4.951142080859549,21.91174052282825,5.121685080749151,20236.50544745851
93.77300480179406,1.5457590102269325,23.41963571986475,18.339018734475697,10008.68471306063
97.91877749642725,3.780578216190375,28.07885574885571,10.887090690376189,30272.407211349062
95.06999065341168,2.6172750724171685,31.019422185844082,9.742717111064557,15756.653521336919
94.10635243055789,2.712798459702459,24.302768621595003,8.306283089650407,14226.988881805799
108.49602097021025,3.870391062632705,22.749053675742942,6.525618193127621,18731.076139706904
103.57015485965047,3.7697446052974786,25.002639794282988,13.467317565960757,37301.030176147775
93.07090404739346,4.965023974808753,28.006033744645574,7.926249198592115,31427.7681027264
108.9959987543325,1.513577157816501,17.78072591933229,2.763409236862299,1419.2238617516052
103.07299520876609,1.4164385975366653,13.51909523431381,4.2266375399850595,1760.1350094471995
108.1286211883896,3.8973552685149646,22.247315752542082,6.733379175130867,19508.991627974363
106.29628841923612,3.3135476680256364,18.896437870429207,8.627885792401909,19961.025055002956
91.71004989077927,2.0966426662392235,22.459299011763445,7.1829183474055105,7877.094727877416
94.3981895980303,1.3176774759559464,24.26109840591264,13.59205451119502,4317.8895701720685
107.47293605123262,1.3426329983857221,22.733757954884933,2.7855603833361715,954.424906326954
106.10370265433465,4.576763498656473,32.26233767235372,7.9390527588760476,28396.114121855815
99.79098406035853,1.7674692988749716,26.6337238230116,2.977280760035444,2284.9715774583447
101.17327383308782,2.293486248462083,26.502371798054142,10.803348666047837,13973.982936874065
112.77664895788425,1.906625608907952,28.11103572021701,7.048188565737253,6390.068250109603
94.0842861116417,2.4199852233277492,19.305834411096154,9.113938874159718,12941.658527619144
105.47097381170038,1.2776953709843735,30.195558937101342,4.797325234122211,1332.1950106222637
97.97807347566106,3.0762391636330815,24.6211785673227,14.009455098371149,29086.979336397322
97.82318796772779,1.2704502543688596,28.352403086206063,12.439318862944893,3364.2169506587993
110.9877685198719,4.201426031289446,19.64071383479922,9.892453082244211,31669.956810806132
108.2541634898803,1.934848327641732,17.23120616991968,6.9257155590937804,6474.493608141144
108.13509636000639,3.1600476584180424,29.089448290125144,9.874233056905164,21328.813993242024
113.05478807154329,4.5203163502458334,26.882047630487584,5.18906598177543,18267.153818148494
100.21003841632759,3.6035094761887767,20.48974222821245,11.333668732002248,29507.31394375229
106.81952971294965,3.131831146205341,20.651684593626527,16.85656924785807,35935.35934075097
96.89733243406543,2.2973350124615024,30.627173922073847,12.620282979874355,16372.734976962984
103.24166352488442,2.3320076522327917,19.05294053566336,5.130477655572789,6833.835496832308
98.69856945632316,3.6779478207927605,33.21336476627982,8.852577491872022,23706.740602757724
100.96995964992718,4.97655744488467,20.496896326760655,3.8706762296497415,15391.966377751805
105.95157025436913,3.6473567593975145,28.191959628041914,9.83743646809861,26043.20392896447
91.81779316766527,3.2311336694800996,23.356907621255075,9.25627506038016,20651.986941183117
120.9238727568546,3.9226020409569844,28.015937155411716,2.9011053810135583,8478.776507581515
89.93982618500299,2.8608224491348726,22.279429989429037,4.133432096797132,7691.583237694731
87.85811387212269,1.2405693704031409,24.18603546963853,6.413662955446643,1542.9308591697466
111.58110873500068,3.2491872635116392,25.204595876978605,6.357086191811892,14298.277295669019
107.91662693962935,4.830501138021521,19.989062721092637,4.03602998678111,15460.017457454029
106.24119817052156,1.7012117694306386,28.704121727100627,8.975416721632381,6293.667840753184
106.2834550926428,3.760019563282663,22.433932167642073,8.379068949726562,23126.394223339626
99.87753227153085,1.803734754636226,23.857000423299908,6.7050799058190735,5389.1057529197815
91.02745628514168,3.143310737892325,20.028253126957438,5.063734476521182,10853.15647736342
100.75804558193727,1.3867057985868785,12.188331706023448,12.482823298635578,4827.180152317764
93.22838288487888,2.8014837450327406,24.044861186999157,16.906591179976626,30456.949194641795
109.7511973341775,4.024653315580984,37.063077108064576,5.802096153731112,17549.329368702485
98.52942618497862,2.3902860969559283,28.92302143949012,5.440747945630589,7564.196225851736
91.74502803207488,3.659646897948872,24.903698101328025,9.44611770953156,25123.33766381552
96.78614158347007,4.181799843158917,23.68554585395866,6.177942641429133,19656.976927543998
104.12931454275625,4.708711277917811,25.11232946406023,6.891587050642485,25558.906617470126
94.36275447196026,1.9385683274218142,27.73559557587605,10.695537258936644,10038.492515997861
91.77779604433569,2.5972636632372326,19.095935923455777,2.8443141209505574,4543.119592226876
102.43687211491913,1.6096640533216697,30.571608473344362,14.28415902028815,8708.538286600166
102.44966571108722,4.969934008633501,28.57690657720622,7.662515025428917,30419.678991115452
94.9305682462887,4.708003871697182,28.59092862853967,6.014982425953663,22303.57812362669
95.28961694381677,3.1598285211222383,27.192378694048635,7.066624477940493,15262.697095516425
102.32049937357637,4.368133177505685,25.09808328846995,7.251545927463343,24424.17242649552
85.51915658502676,3.0838319090881687,28.3643061798341,3.109305372273821,6479.269749843456
85.92536225623445,3.494342752011039,27.95907066870689,15.603092218177457,38919.459983370776
92.81555778747564,1.3564977284640665,23.22979644529488,7.543323113315233,2689.1775549673703
97.86552848288153,4.021081681987232,22.131991135515495,9.221162048204375,27857.8837504661
103.10907565598005,1.5108539345409393,25.509281476309933,11.890917641216529,6074.522062317728
114.75356216949552,4.304270521010114,32.74510075747594,4.434517300727659,14652.844791703747
108.5765962320202,4.128112350681544,18.804464621730496,9.362720963920351,29287.64308322426
98.40061470036574,3.8349787909719057,17.662373671237802,6.463554861184602,18324.040945741708
99.80983792097311,1.1446415220990485,25.823804206182583,11.283995423983448,1632.1342734836637
89.97470635362191,2.2125134237813144,25.25443850928009,2.5507470825838423,3092.8150783039337
99.8148686400761,2.0524502796433715,25.86670832185204,7.031871241718132,7400.69485476243
97.11341361079862,2.4405456298860764,26.219765989542502,5.466232772391538,7874.357732208682
103.22718560338089,1.3505709870553542,23.883988726825976,9.171780886485346,3215.360278430599
91.72769056447677,4.747831292124252,32.44931719301041,9.346688352695303,35029.81108596473
105.19346514241172,3.215208962849505,16.99548010761742,5.187163689881493,11490.651497592993
115.32738913002578,2.222097242632094,20.85751487609877,5.175381560401638,6324.819534535827
98.91239851543142,2.5879260682971337,24.483726199254765,6.991305570644608,11101.67636705754
104.01711722098942,2.7888101620193426,16.784055944229163,4.7193868492651445,8442.087154465937
106.90143991711112,3.402377333442469,24.120727977839643,11.257019028324267,27043.60735577679
95.98779528114164,3.062717710785991,33.30735082864009,6.143510981213731,12672.328907357783
102.24092481810416,4.677567892857669,25.10443244147981,1.7272074099124002,6351.922514999698
100.12592400781794,2.987853931623321,26.153504528593416,6.1262877037998775,12178.165098254194
100.97676098548831,4.968632059293251,18.6991761741371,4.396145303550414,17446.68318898163
92.26990216144533,4.405699830980383,21.918192959802614,3.268601090381303,11131.8741810539
100.24510174258943,1.8340420574293432,23.124018098380315,3.980019349184656,3319.503526602566
104.9799829124545,4.722380858575665,23.41142451621883,7.804529231810697,29051.430222686377
114.51143607795042,1.4654655915419044,31.408218975018844,14.358188607493505,6683.242753657196
109.59270826085206,4.269798833964766,27.78845530362562,8.64163876696132,28256.420363754845
121.53182457511556,2.5224931739063203,19.44271021531484,5.456176697336075,8306.991777320905
92.3265243711195,4.5118972817802785,26.232523892160025,9.280840349352182,32593.357995526658
108.72320636720679,4.472226760429802,27.491108742483924,5.873524296421455,20394.2082400692
101.83342005738352,4.223701600470484,30.700745192606334,5.2210567055367925,16831.128857786112
121.89802933217672,4.1601217452282455,32.90270343284187,4.148798050401527,13110.706935634415
91.91701714644849,2.218716556392163,19.924529040860655,3.077401575576886,3750.48025082288
91.60278157819224,1.3236771322050087,20.94571244394831,6.080203383914239,1968.0227945285503
94.00607354555977,2.611920715060646,18.71211070542692,7.9966823143719665,12890.01787429528
78.76104275690193,1.6940980599460347,23.829900704465093,7.040563186076817,4886.841248383392
94.74244978319238,3.779804355609847,27.331791872231673,6.0015425990566,16683.114257235575
92.40867338446301,2.384398906151142,29.93667258294551,4.604927701811227,6375.056873292555
101.50393786476208,4.90244080343966,24.620244881787386,10.015391861813983,39084.47386398039
103.4175597577716,3.563888309381328,23.40076238372578,3.8245240953702635,9805.652617067019
118.76170839215887,4.289922254537444,25.758789961243703,10.891840783108277,35833.309385226465
109.5042383818605,1.5300986909673937,20.824285491849885,4.476723828109184,2373.105441103218
94.23096344337597,4.44805792909049,35.44769360847387,5.072239222405685,17489.374669059704
91.01585328651642,4.691028762053577,16.961694864409708,3.548792499683894,13098.695186893261
104.91919171506505,2.9482476752757436,25.923702894478623,5.750569690770219,11203.53403155423
86.79766792979358,3.4250117510039098,35.1180310961482,12.033040356138077,29180.26426393911
118.31458765854353,4.059239203611982,25.033999222799988,9.562163836884341,29252.94648115735
111.79440120721287,1.6993545090416502,24.049804824992528,12.051764201865074,8428.455636481083
95.30824347895295,3.0102643058537697,23.212772885947864,9.59336077199295,19285.190733115192
82.86865470909123,2.5946521110892524,24.09804159118796,4.255299237905465,6785.721913042436
113.53872374165412,1.5854959686489964,31.864242373382652,6.262662335029523,3666.7635501696964
98.85460154747382,2.4701376891661257,13.940690443352466,5.0023131499371365,7354.089094733905
112.37816311973462,1.2726892375419743,32.66716850648163,14.372080235769229,3919.1116013839887
84.05572341205632,1.103247627797948,17.880214237749275,4.061716537650601,419.36259730011903
94.00624977046228,1.540665156619291,23.666738353827927,11.551887513456936,6245.703071711627
100.05243699718183,4.852460446356695,22.853777898506692,11.547592053939427,44486.64163846451
100.46980593764742,3.198118143580068,27.9427663488536,18.4453093217281,40544.96908403709
95.49934528520757,4.863288644612879,17.009378240581263,6.020418069590542,23258.61276407133
106.22849932347499,2.729991513320528,27.310863330409713,10.55037157615085,18252.053289119092
89.32379570617405,2.2472645323410383,35.12154811643426,23.122956646672232,28840.443708253744
98.57620514978707,3.0245674513609764,18.184129977035948,5.425874917472081,10985.049753069898
101.20295631711899,2.7580467545316405,25.94853083805198,3.429724290723569,6029.615658244903
105.14438834058748,1.4226587370469757,21.690089111016956,2.886356508514144,1219.9437965559064
107.11614878088889,3.563305258760825,27.12943603096518,10.552428409509602,27049.095234793087
88.75357908162131,1.8641527300383984,25.09573888707876,2.8818282332885516,2490.3397352980364
84.65885829264377,3.4783518195913183,21.79256545477845,6.133959563817577,15202.109846286861
112.7767682189851,3.6008043695926135,27.43936142435537,9.194969982633083,23914.31810910504
103.32314011979592,1.6080994125145924,34.021740548933714,8.105864146271301,4929.171225270677
92.51513463443446,1.2453985084426726,24.045481041363505,9.140567123755766,2243.081538489795
115.51151975522524,4.123046344273759,28.59878971074091,8.257690334411052,25789.14961102719
101.15674634292859,2.8392016950772807,18.53363521064418,14.005259066110558,25758.49621438699
111.79297184063826,1.2326551820219032,20.217818115909957,4.589824599063344,1067.8464775436908
100.67518481410109,4.979465268679069,27.362031389401885,5.2672185337828425,20960.71321773151
120.60747924881987,1.2311222439854665,32.420580142679825,5.021206670179926,1160.5125531267768
117.55340842443204,3.7801409154342127,26.7780667439283,11.190843574363043,31112.12209931075
97.51035851520926,4.934715701053655,23.434709847384227,11.59065643963281,45605.93787854187
109.71570950954356,1.9567204168637025,24.99645702711677,9.259153776539145,8858.421460895655
106.45375949585147,1.5689974747487847,18.747961330151412,13.353076843306212,7597.867003967708
113.68631557532349,1.4855397576897156,28.022576631776833,4.099969629778827,1990.6982605780045
90.35076539419896,2.213100590270382,29.411665311617046,17.006779450662396,20630.934190196756
106.8605145999844,1.4041832440425868,22.7395483358346,15.82544853157599,6396.381125921374
110.58424486849587,3.7686453667765276,22.649789261202493,10.674001288470574,29552.52421229074
82.41260513576886,1.2491671925202508,26.329391148260243,18.009501043421736,4487.376813679921
88.16741487334225,3.037688512599159,22.816401319797023,3.2274372335537955,6576.511775947377
79.60767822239899,4.986787415411907,24.669336926870887,5.684686223186791,22663.63549516654
97.30593165555442,4.255881078024075,35.49860894583258,5.115874076031216,16656.677601703934
107.17542255795962,3.4608777529240435,23.76487149627002,10.598788073349597,26082.32177766271
115.02357052096028,2.2250144831464467,23.20829923989389,4.370728194834166,5354.205340568378
100.74094780419775,3.495583345166554,21.762290971824203,10.791379000465046,26930.78570494066
116.28615545571292,3.1081658556466065,28.720959857499682,14.662131360334298,30910.2047048621
86.19898541785109,2.704333535561486,24.093879133909486,10.460449699765174,17828.095220363863
82.96617560644845,1.522841506960798,21.753134808392872,8.515393382639202,4452.201108543086
99.44452301103381,4.546416860961867,31.60652016136506,4.508945577197488,15990.600620132607
103.84065448939307,2.79913859528529,32.098015022568184,4.838353693706183,8704.868867987936
99.67305251905907,1.7784900472830603,21.997882171306475,13.801944011609402,10744.676046195953
79.32557899960123,2.4710374035091585,15.66730024319692,10.909942200147974,16048.933046540671
99.10879960487212,2.656519010115708,30.03756844918461,7.2462945402228005,12003.624658776733
86.95530499495146,4.310151582267498,21.57685087119998,5.995716077395078,19846.729060415993
106.69672548830039,3.934457522245608,28.953127995813844,2.6834306345939916,7874.413211108645
103.66598246096848,4.077219574565359,15.149480911440822,4.325699193945706,13311.126233291321
90.60120213672644,1.0441250577145889,29.462986691496546,19.215352013436295,847.8785165990176
94.86133082663306,2.664615992719046,18.944140353596094,3.895305906522789,6484.188508530796
89.40786478111049,2.9253766065412945,28.653820595332622,8.123327904036552,15640.465513696103
99.37320902726829,1.0767691072922267,25.071365339182172,12.227921527905664,938.726619736719
109.55142320501238,2.039252834980137,20.230302903016778,3.9453539285360373,4100.220255231096
90.14273953664457,4.0411592924885404,22.964818435366098,8.103979500505396,24645.492564098626
105.04046515517844,1.5484388229159962,28.431592284783505,11.810131546961546,6477.134644098664
94.69742381627559,3.1412405258103666,25.52947226557617,7.43537979724374,15920.936546649962
92.07127167737656,1.86080748806895,27.922064902362422,31.00664473583095,26690.75196849697
98.92969640045442,1.048483098575573,34.88220292257743,3.2081690036772477,155.5419740523821
89.64757677580626,1.964805830398166,17.178791941444743,12.545527968984727,12103.998529899725
94.46350694652818,4.903495019640215,33.08606287484312,6.7774378432298965,26455.69486696902
88.02122107411151,4.206148447531959,25.521779687616064,10.869493212034595,34849.20878722388
119.6472513291639,4.838306577284134,20.50607975838436,9.213350521912302,35363.6639070802
100.35263551971728,2.95141617570545,18.348431871305053,5.121369590603983,9993.92346087061
93.00274492007415,1.438944794710014,24.054398046114834,8.28542706424072,3636.845081797937
102.13979910734221,3.191837955894772,29.6082505596223,2.918440138207278,6396.747866929496
98.8767195030917,2.8175093382398435,24.362254398112327,9.990391192335126,18157.629284738177
97.79030400466777,4.377428330958464,32.55577465123674,8.576957380881199,28968.058851611466
106.14166700043425,1.3923303231369784,17.744121549742204,10.168859745162365,3989.552029754162
107.57507710047305,2.9529645480871127,24.939555260769726,12.541700882169014,24493.49719558895
94.69498852389472,1.600194658775937,18.738032777934404,8.880074264645438,5329.773143173849
94.2418175935532,2.29870370756024,26.81815941312484,7.956941639627282,10333.709608224404
97.24948302848355,3.9494283095511986,29.4344369504865,4.7562799123476704,14028.306621627911
76.98078835264415,2.904072517475066,22.896191031594732,5.1752602004906745,9854.070718536794
84.84808937801448,2.5035531405830773,11.97893071686433,13.374732734146068,20109.62140688461
113.66874267444524,2.5779051142801412,25.99474073398247,15.152532850802382,23909.259079578926
116.44967713501283,2.8377870736239466,27.183692758667547,6.559699420391617,12055.330801654207
97.50963960443622,4.1400661753482275,27.021473774808488,7.560984250835264,23741.99089838847
105.76556963055766,4.568338755760937,31.17891095911077,4.700612467701952,16773.377644313932
103.11250154543536,4.821338746015713,19.644731601754756,13.281584114088139,50753.43198363178
130.7888080845524,4.14761354502118,28.401080527252248,10.30581616259182,32438.726545872207
111.19574911434577,2.261627582992051,30.962537562389876,19.503788294843645,24606.51728561224
98.72082408519233,3.7525388243461686,16.107062079967417,4.76281300634462,13109.827713064462
90.44459559399574,2.7504124962215677,26.598259129594886,6.1165367785397935,10706.462410754866
83.93553679742428,2.0186824881842047,22.479100844961643,8.295580982406113,8450.56307609103
102.03463635867223,4.363486317703691,24.59238663449177,10.208745642626065,34336.976289889935
92.43649254715697,1.1537053958493,26.738382417691682,6.633722974596812,1019.6390157649988
85.77746290402325,4.6070479685416945,22.56385717943224,4.775599208606992,17225.815423975175
93.53427115757474,2.8459098584989366,21.62145960419194,11.481117903014013,21193.108723762205
89.18451996385605,3.5488059072331217,25.170762087440124,10.596965444088074,27009.608122636942
116.87141635072564,3.637415688823131,19.563770305685985,4.673288267568237,12325.403795277538
108.81639756949451,4.580470962826146,19.570874355574073,14.551897544631636,52102.64661257467
99.92027358683383,3.5466787286688293,28.396866414782515,13.2646069241931,33780.69229799583
114.79944138890026,3.455734339040247,19.25602982420672,7.902255686263931,19405.840644634387
100.77368307647619,1.2666081622427598,28.33156250454606,7.689063012674083,2049.9669591778156
91.38715798671737,3.0736320877808163,27.312956464269757,9.74767588239012,20213.093491011336
115.23124077269657,1.6006760032681666,16.370966356047017,4.802556906174397,2884.7806878687684
105.38910043684659,3.9497350748859423,21.612176738321725,7.500845440446044,22125.50688698199
89.62753845673544,3.048887683250698,30.97054701523686,2.5188645578298887,5160.870568314374
98.09661321916391,3.7209111168334132,20.09417234430159,11.452726486566922,31161.850815352416
91.24381746615242,1.166691602409537,22.677978688453063,3.38465976507429,564.1943598513205
86.17200269035663,1.3391680641832129,27.31030446625948,15.669402323854154,5314.560853089551
109.26177547531641,3.865293552250729,28.91695254641298,6.264757954325464,17950.370572940217
119.0941664047013,1.2883373439946935,23.74230556977752,6.647005875784201,1916.580019740738
86.01432426180858,1.2850269110610344,22.01244902654179,5.398564295182761,1538.7361052203328
105.62969236690572,1.0484339009395498,32.11184930849254,6.39796878750758,309.87858646847366
93.49357430878173,4.82600559319792,33.6944983189879,15.018243156849481,57459.882318112504
95.12874616235304,3.950033437836028,29.894290253908977,2.1299439647207907,6283.4059166433735
94.07606075761132,2.4130056340082566,25.42659071282512,13.991957399011332,19770.714635606524
91.36009230320184,2.186142325150621,20.95867139179537,8.74963285928928,10378.309863931661
100.48521627944827,2.398812918983398,20.847777967217173,4.040987836507506,5652.5859911614725
91.69049883588963,4.098614124724728,27.61257052632879,4.31606368770898,13373.815905946543
102.70456825779839,3.6454824442816576,27.09199110444342,17.0849253051728,45197.86995669808
99.49761890550863,1.7407822714698717,32.007992964732146,4.605478439782083,3411.6567798272927
97.6105195313359,1.6964373413363374,28.252250462680696,4.150898200593062,2890.8405069788187
90.92436337958402,1.3935825988535893,17.48459849120091,13.048292354984149,5135.580815676081
94.23228669431667,3.6412108788053525,30.259738088614593,8.75194917258667,23115.743365387418
107.55391225825755,4.057490648886944,20.009696863427934,4.622969334474674,14134.685510247413
105.00917187624381,2.060185713300016,23.08014364023824,8.234334013670226,8729.923279833552
90.22444755201448,1.0837798441236512,26.251001031258472,4.4243512528217686,370.6714583096889
100.99332305429226,1.3286866699057094,34.978337448919824,12.812364730345225,4211.253496834534
107.5138712337179,4.871440139380121,40.549592780026806,12.562114294675743,48633.47351588847
83.30594718878629,2.181779109909681,28.033615295680914,9.64079042360459,11393.28472563321
105.43360192379934,4.076892591352534,24.084016906398062,8.853656438826013,27241.749903004416
93.37376241054153,3.498654275417055,27.672528242402752,17.824859114133332,44538.16043423591
105.70598668593159,2.5277585586115836,29.43827712936918,7.387897317539972,11286.923357015252
92.36740843457483,1.8227490487822204,23.396661872214043,4.092119034738602,3366.787043334802
81.9511789933548,1.4855456726376257,33.97605677956161,9.251049054732176,4491.806835883606
83.72457562116837,3.4600518721554665,26.15035379595701,20.968546406935875,51583.71184476138
100.48084946661382,4.0985351225511515,27.48871544545697,4.448737078912707,13784.568090006636
102.59722501721483,3.5756170141645227,28.329621260272308,6.167346105721146,15884.721562136694
90.95683374895592,3.1212085329966333,27.10793305307228,9.099532322322215,19302.005608388554
106.38592458777374,1.167804893726545,29.19470250234806,7.192562999768671,1206.9472697976619
83.3847993773104,4.873955110377535,21.913734067265384,4.52151995167345,17516.165323459347
99.33920201352683,4.194856766618298,22.208491230269846,12.947839342876138,41366.492137674446
87.88983800237543,2.171288146803859,19.499228835141526,23.57107585506111,27608.521756447713
93.4816389219784,4.919881317435403,27.19750615310113,8.150389597724086,31948.55991393849
100.47398671316414,3.4075263585452884,28.89468251756057,4.701896110524125,11319.938821228401
91.39586634716048,3.329690632828986,27.28886433075943,3.405935815327575,7934.776764985407
96.15444455770175,3.9922927177181284,33.37246216673769,8.40635519486071,25154.27543213366
110.0629280921444,4.24707915236055,24.97201990585477,12.831956634765183,41666.378872740665
94.23108130476851,3.6259144293260106,28.343708277962563,9.370663203934779,24606.559719566638
108.35692112065142,1.5123829854648,19.54149561930343,7.380180376254329,3781.4788544539247
88.70293145342382,2.3530700239779936,23.064501487627997,5.503389494263837,7446.471354963808
105.29804177915283,4.712334561304199,28.47768878782889,4.279850947517692,15888.23858970045
114.41568620657901,1.8984624473754077,29.245510553715718,11.216385084082724,10077.500793349982
75.28355499872711,2.4886680953500533,23.530165261679088,11.668417239823553,17370.40046815785
92.03104744529523,2.728307531776784,24.642003740709665,3.4114421052255346,5896.021084681739
105.7707212718054,2.7576199587778087,17.410631266595953,16.361311436061808,28756.967531801845
97.96954613957007,3.451758329978102,23.214853995966955,9.845707864760804,24139.296271958214
103.71145873371309,4.772303350978831,29.45191581759893,14.87671624472605,56119.486541541286
93.9601481328418,1.9627708473300198,27.87602508053283,3.7770229718862995,3636.407607027922
100.865897874729,1.4860055052036723,27.50332860690605,3.732536100396031,1814.0330931639178
98.44322764607921,1.7898819594397493,25.2488684359048,6.858682343739616,5417.54944884786
111.67782061659807,4.547699600837078,25.03531579314088,9.500953988886987,33706.5306739458
102.54420843301213,3.583243250620824,21.698394302632764,18.141105971038957,46862.88955848351
103.37602662075201,2.1436271569566405,28.494142101012674,10.51748864557635,12028.085638064227
95.88123033877532,4.2637877558744695,27.10486472194695,6.544724868592221,21360.592891678436
95.12393775927507,4.445479985453744,27.460094239963997,4.4229876035906335,15239.315264081546
95.6744181218038,4.386057354761112,22.369825786662098,13.667220291632617,46277.99178762294
103.94452142378297,4.675706134558218,14.233285400643778,4.561480706361187,16766.66261504077
95.79015519179737,2.0089640806934463,30.48576355876848,16.680398330754887,16829.922767390603
102.89774856896413,4.020167714985114,22.605812719957978,6.409669279865256,19358.27622278093
120.75400798645438,2.84215798909656,20.686121179784397,16.36739156527586,30151.321132644574
108.71124703431693,4.367994211560246,28.467394559569968,10.37569077921651,34945.266485340224
96.73976467832159,3.913962708646453,23.03993680040435,6.899867822627365,20105.95752972574
112.01213922163944,4.1057897859988985,30.29968192023311,5.699063220691649,17700.09234058611
95.91924626978448,3.624647350724286,28.08502974788349,6.231057498468227,16354.328555565331
79.61875464822145,1.7097150778788275,28.417846616002386,9.153701620677786,6496.520058598884
89.91913689082595,3.1801076755877533,18.170221443997328,7.679682829839912,16742.53548341347
81.29208078974145,4.938678958098032,31.059719926932004,5.490911637720974,21626.938128267208
96.48486515958692,4.749552265988475,26.30625265616928,6.801779674926913,25503.62839287656
100.18418379189552,1.1726949431880467,23.153614303768983,7.6851393907875085,1327.1847104842684
116.76437312275283,1.6592592629177485,25.716942336711256,2.54882623396218,1680.3373043073275
103.26927373764163,1.5269150938182476,16.1188238355084,9.291351835789069,4895.753524253145
97.80899471191135,3.903919639941182,27.043264057403356,4.527361808620591,13147.094873172964
108.2940558118349,4.27114131942778,19.853142459089643,4.150935781729914,13578.297549907977
77.88864690992115,1.8540454652426877,18.23664857078233,3.1782407690931405,2714.3621162934287
102.35614558108566,3.023410771807316,17.388204068910547,3.013354020932319,6097.252985223343
107.70865193886966,4.3628121120448,30.563441874949625,3.751952039615671,12617.10976263077
85.21413754220158,3.9312061790650024,21.853683031536058,5.183546741922955,15194.044239396826
111.43754043206928,3.168948821967393,32.6686385495825,19.621571911929163,42558.185283527244
103.38496407494414,3.3613907618350916,22.32099268473851,5.680618752233358,13414.160643031037
95.84712086099199,3.03344218766512,16.463210212035264,8.075825178163555,16421.723617485957
106.32781866106285,2.1901938052752823,19.417377800256705,9.027186020738272,10744.100880950316
122.70692857804396,3.2600879714360644,31.179058100034695,7.889498671521428,17830.96104816639
101.81866255058495,3.7555412082003627,24.220509110316662,7.108407721914624,19587.51040242541
102.48220586300336,4.49329166344323,22.258563517546996,4.064753567660485,14199.369751859502
95.40639100459757,3.5451654159169923,25.80009112926394,15.263491098079209,38848.10966898808
91.50155630535208,4.044486148172632,27.508913680837725,18.23965959320758,55530.39097890455
108.30335816544246,1.640286539818292,30.586994079512305,3.185695565008165,2039.7579902335567
91.43916174091133,2.8462298976791596,32.24249614946463,4.428166893182797,8175.414110107118
100.71566237219392,1.0373264793083732,23.20115677105457,6.424345955636189,239.79821638288513
95.22342553234883,1.986715458086492,18.36976156958981,4.561863044806312,4501.2607839839
104.78979825746391,3.9058468604520193,22.93267419438362,9.516077881995901,27652.265037214693
103.33662105286949,4.967239805397454,26.30140253291443,5.133891244281248,20367.377700894027
110.375399442579,1.3967123983488636,20.181205368946944,21.813477962253334,8653.677158735602
94.89983601145254,2.605977263445153,20.214245425524787,13.400262511451414,21520.516917587414
97.30125064706628,4.200283874796638,26.718939407749428,8.217672476944264,26298.88471632487
90.21236284217693,1.8161425385155954,24.756738242147744,12.347987960952251,10077.718240011582
95.55706739923889,3.220339797209145,25.163984977057932,12.84494324599327,28520.138681971675
103.77300493044852,3.932285184118699,21.207523326499654,5.573516905138558,16343.141044372898
107.56988616645351,3.463941801040716,23.847996428971165,4.9130325464851365,12105.426261158244
90.77834675822375,1.7520989384616645,20.378834278658477,7.683472024209016,5778.731153107497
108.6960592010566,2.4215382747429577,29.450992055623935,11.368178154487001,16160.30036070003
113.55637858804951,4.135167137941589,30.176246673618763,7.921100905030514,24833.975253771045
104.13434903223701,3.2169060565280665,15.769060688809532,3.358524561403898,7445.53344117457
118.76795812558066,1.020918454171651,20.35244569903795,4.946042579928085,103.46356503925986
92.26210800896428,4.043963040112375,17.517353724549604,7.120753640468954,21675.31089933314
87.55345296688583,1.1412454197609563,21.74988032796551,7.114729395336922,1004.9229399299782
82.21279751095722,3.9829351309249286,24.582810151048196,19.81166862069989,59096.922330928726
114.96044311489183,1.8099222406609496,17.75177390150735,3.695094129108177,2992.738916500415
106.54365656354058,4.832293920477521,20.390700934373434,9.514287545090463,36461.54631672517
99.44415329089544,2.471763005208338,19.980213139592507,15.55771339906907,22897.26702638392
102.7996862631982,2.3077264653523164,26.03633664699472,23.005305717868094,30084.647130777073
88.74510952701624,1.5955522013297787,25.34672168518125,6.036360646698351,3594.9678711616493
124.45751979616827,2.2224168619608595,21.391312233313734,9.447165282124951,11548.37413860076
101.29221181975228,4.506603047312803,25.88410436069699,9.824508967063094,34450.6530822554
101.09394794604893,4.985337350508989,22.266599577063673,8.147742261750162,32471.501558073513
107.25766623898691,2.4732381220273933,23.641724448369732,7.032747112315746,10360.911148441623
104.81009231736714,2.7944425238181703,33.36726045149268,9.188821535100242,16488.812106360034
102.23884024279131,3.888283752810948,31.70230525895174,2.083141222003911,6016.702946324641
92.09525544554688,4.5447831218602985,18.502093815362013,10.39198405518231,36837.32968145159
104.71468357135996,3.3721773367471366,29.148662089395874,7.8702431033457945,18669.612324447346
118.82024496475034,2.5661027927113174,29.05698277245796,6.611182619890333,10353.791564134774
113.45420046154977,2.650487363394495,19.25868355623691,20.56172006547606,33936.85913772326
115.93186626639397,3.7824725859872275,29.093888218774303,5.272649515635818,14671.002732775496
94.88784323568815,1.0128730544171147,32.68965959206277,6.0403502910226035,77.75775799476875
90.1039517974142,3.4783573498393627,19.38727596877793,20.000887570661476,49569.346714059626
98.74213079900352,2.4219720417654296,20.412485894928682,4.874265115631475,6931.068718580497
100.55724912288694,4.176789325108337,30.08830733421751,5.612197525064042,17828.769188022878
110.94191518470949,1.3719625592925286,26.35747655412824,6.865351833844258,2553.653838560365
83.0753537028518,3.352809067793562,27.757381376197618,11.249990014665817,26469.07851909276
115.29550319460614,2.923891559544495,26.702946082002484,8.198090437510633,15772.236997109143
98.4199210142101,3.5693021036209096,26.95347960464072,3.871675373549948,9947.503681799153
95.7311893005258,1.2594143779318734,18.367639358444585,5.662784421082157,1469.0076979573314
89.87895624739832,3.319935149712525,30.23658853310724,5.453855465300261,12652.590995401835
83.4514332813423,3.245938351838095,30.84794996213887,7.10919827591099,15966.821058689755
108.23170583961914,3.2426403776646837,23.85304627965986,9.142389909178458,20503.09275867777
100.73317967188405,3.4139506663858192,24.78261525093069,9.10754215000284,21985.157442136293
87.10039100258946,3.705871748905449,17.34446248722139,3.0404153153422744,8226.973906724112
87.04921227936384,4.219955998723079,27.571273780089175,12.578267130112964,40501.466699148565
96.64215300709871,2.0792828805128574,27.86028720857072,8.383658739743613,9048.339353867277
116.69021525289392,4.300197640720248,24.689044915003446,14.76509609980749,48727.73531359242
97.40408648636395,2.9930227290538145,30.621766799352514,9.226678860305018,18388.980682268248
84.96857046881894,1.3082331165373247,23.329613845100297,12.815578213693545,3950.1856130346014
97.54256935914056,1.2342037169759168,27.823029629468003,9.330351195887634,2185.202930767574
97.2727643025233,2.336953274784243,19.901678306539424,14.484989091061781,19365.753600509088
73.03113357058429,4.13958790844587,24.88223924562881,9.593879259588755,30120.827318494474
99.45705133482188,3.830723738963663,24.12822871048582,7.036017941142045,19917.023013765025
97.69065469791322,4.154459858689625,26.12653961020471,23.016638334001776,72605.06170658546
106.96206364813418,3.0690762257664375,23.152365355833208,11.524999680264624,23846.102840401327
118.48956094945345,2.7607959918219622,24.34263702164166,9.844099208070029,17333.450428667456
111.26565029547757,1.5898101068251358,29.13023585720753,3.9033993111118983,2302.26436466807
97.3111130944517,2.312771014437246,22.81617881380891,3.88004282625258,5093.60775707956
88.9347409125833,2.736077464695501,16.967114496306603,8.553646994535251,14849.79378817305
125.7335980324986,1.354401718718469,33.7479195210271,7.946730600678896,2816.3349830732514
100.59218434014488,1.882447810844845,31.907270393452432,5.435430452319731,4796.4837036489525
100.13929291912946,3.3929011762549552,18.538686524471906,7.928717934931715,18972.63847269186
99.75874912889996,3.9426524569567594,28.448539026225973,16.351399075050303,48116.48466287726
101.98084760767856,4.9933900455717986,22.485126147243285,10.46149357117987,41776.824288963064
98.55639588076058,4.73245332537423,26.317436076655298,4.176592593654702,15588.936914919872
94.26337993119763,3.570260798140766,26.47112064506747,6.9883577539245225,17961.901978295256
94.53141058759608,2.684992213176288,23.82796099841839,4.940748112808333,8325.12209734748
99.67246729784002,3.544709458832931,21.081171672068017,6.086967692018035,15489.564261488747
94.56575228866235,4.142606472320928,21.547294738418703,6.008602348554894,18882.67263017134
92.87154217322836,1.4733447636935493,20.41904042259379,5.819283875337632,2754.527550837373
101.06430227691897,2.639619558785153,20.840888958847778,3.94493435462369,6468.191525964486
97.45022782579144,4.359209142542468,24.664108549753223,6.932168362214995,23286.60333999626
115.0399298858269,2.535331807732176,21.421200054446242,5.582832039356803,8571.499607250791
73.49030191606988,3.287489084908746,28.410260328563098,1.7079189737742615,3906.84601041717
110.91506851922462,3.351077443448793,32.436230776679636,20.62463040393213,48490.103322152994
112.4608519249763,1.7379050125345574,22.099733793149785,12.735391208359193,9397.509009236783
79.2660976759185,2.4489417666091535,26.197022502676884,6.12176000402574,8870.073754990313
96.57312405919652,2.3380451549677286,27.498425551514668,7.458911744867881,9980.360721552355
96.28559134004209,1.1047868341282592,27.360011354596374,4.113082824697152,430.99692770733213
85.92488305282178,1.096767055565421,25.379776339580438,17.250850367093538,1669.3139960233032
92.22183312409125,4.326788174703093,28.713412091798613,19.080070240600495,63475.35204893413
88.89424154534171,2.0922832398912496,27.411244763403285,7.991247371074673,8728.705569249874
117.52270443423623,3.0723150649552617,18.81168788836351,12.326671409991137,25544.74686367795
109.35678393147461,2.194902294355092,29.345780321946364,8.065884600690834,9637.944015368883
112.71555094994159,4.762716980461362,29.436454186333712,3.787239087076582,14250.308822010042
107.21672064043236,2.037187035463095,21.183569479107092,6.01398936095374,6237.631796594203
88.70948228782771,2.7186272509557403,25.18968917723801,7.892902858760891,13564.957942212935
94.75479733720226,4.490921001938407,28.416644964055347,5.886879968720827,20550.632918698044
104.89374561227918,4.367734267167235,23.953430902103193,6.623827408626156,22307.29054383185
87.77872191108054,1.7444056713851093,30.364890238830057,7.058977572407476,5254.742939080415
107.12998430172388,4.210573239182842,36.8193624730968,7.096209378090643,22782.899928936135
97.59674601841866,2.8327475469515706,21.070069836825088,7.584671064252565,13900.787287443447
96.25179192450402,2.931875488341421,18.094776984231125,4.347919552060063,8399.639207905246
107.10959968203491,1.5339198896637751,26.51909297802438,5.162866380906447,2756.5570484423843
104.4426331148604,1.3224060550284986,28.607812525630717,3.887272936375125,1253.280332235752
96.3903383418092,3.9117572278950608,23.845668130776154,12.04810968290772,35081.17045167902
111.59329803364248,2.985844609421199,32.266303316605175,2.578419280214714,5120.340028442078
89.18936672400102,2.747402810460718,18.306971001383758,13.1549112983205,22986.928974046696
106.15935606944264,3.918032914609587,28.464593115158056,14.778518868604417,43124.20448776652
105.93101257968384,4.062051595964439,21.970695896205534,6.352889231482604,19452.874610246607
96.9045356068601,1.6356326706774142,33.59688953103648,2.010596523870971,1278.0008381228306
103.26133022242118,3.440900597910565,34.962576765840595,6.167815473195134,15055.024476324037
87.48886423614697,1.5414163291107421,21.16671706108326,7.155690536234074,3874.20770238033
109.240270192069,4.005500344116182,22.2522143204571,4.458002920311336,13398.529311066666
98.15097863557011,3.627820625068558,29.29793943489901,5.710980944784305,15007.433516077715
94.7727697948096,4.826458484333832,23.064346751052426,15.880589851523995,60766.41777358974
110.49009225836889,1.2758320654256847,24.77294391033881,10.303293291308762,2841.978669228297
92.9565630945724,1.2282188846050173,25.12694210271205,4.65395754608381,1062.1210001663503
85.91538703636441,2.1287482987728006,15.401634219011719,3.324104834660129,3752.0776770650623
84.43370826476097,2.046822734943624,24.930811269528814,6.274484568682389,6568.273096549663
106.0600995134564,1.9879151962879993,21.55136112967913,6.641060139615667,6560.804231388819
87.19570647503717,4.625018322084147,22.53438588800114,9.46972240506903,34327.91722342598
117.54794181984364,1.9981847993980244,32.21816001734407,5.653877786971596,5643.614864609189
79.18070592116278,2.087798904514524,18.717465528603718,9.542445436557843,10380.261692277241
116.96456368290038,4.037593049671855,29.066025933739887,19.44474823598352,59065.23209424261
102.11017467202619,2.79895936980216,23.605185348340957,11.10894357333917,19984.538129861987
99.03286888129608,4.106842227820724,23.601199157520828,7.213510646635576,22411.239487801788
94.5508091319105,1.261464630257541,28.951859480258555,6.742459467189353,1762.9146716151208
103.9913611435207,2.9502847746935372,26.70025647284445,6.182133465875969,12056.92077362129
99.62365297575151,1.1344544007331305,27.853064986097657,13.334043896002992,1792.8208813863394
111.03301882016521,1.250612813821418,29.840923302664304,5.399699355021761,1353.2338491517
101.1422764866204,4.625749813377643,23.343458084083387,7.558035897355668,27403.547244338843
101.50301761461877,1.5569814844703807,21.938816327461247,7.580650022619609,4222.2817028490945
96.36387787786144,3.1296827291008684,19.574247367211008,5.749471304821061,12244.549739338447
99.43054376278933,2.644382410402826,20.872947350105225,3.7201620384441583,6117.369019865896
103.0780176889206,2.3893733050353707,39.745472126543625,8.684043418309116,12065.378105166796
82.89831607343375,4.59933338274909,31.22339790368393,7.167077812975199,25796.702429001973
86.51814577894287,1.087293587101958,18.244628168959892,9.48887666018591,828.3180812356752
107.43264094022715,3.6551587447023564,18.38771021628215,5.658732044884821,15024.831872903378
101.70865438127942,4.853577736854202,27.40933030859246,13.604636440773419,52426.524106159835
98.1601666364732,3.2406727338473678,27.736323986889836,4.766503939240194,10680.175412431574
100.18433933065393,4.747289848132367,27.744419176586824,17.392170644707722,65173.50449389902
103.47581705361671,1.209031517144095,23.72522103223151,3.0838590316845798,644.6237320515477
94.60240319690638,2.6751732762966456,24.372728699985498,9.183285445567275,15383.594367018233
92.21695274597687,2.0406311638482046,26.639397620796785,9.371895227415315,9752.686237968634
101.95845255097682,3.923283859922919,25.429465031466652,4.96404764811193,14511.320369613932
90.21627222384969,4.925188361988987,13.903498136262325,9.13576535414329,35859.599845945435
104.08252755714472,2.0261202497769912,23.85100184712403,14.009831524194606,14375.771822940134
82.9741639576216,3.616698405896298,20.742967828698433,2.4390060026039078,6382.143118985147
110.29155637325644,1.7923905310389605,25.87605709454256,9.500765779682139,7528.316841439113
104.72597482413043,3.2613210182864396,39.926295013017054,2.1241348495115044,4803.350780875068
102.56029734313876,2.855729946753345,26.83740832737152,4.559293139479225,8460.816814958673
109.82690983945514,4.888021318526148,23.43235156913801,16.686219221617318,64876.37605924891
116.65474444462576,3.4341090907858662,29.60900750988626,5.524037274735027,13446.109348272508
110.1437006501813,2.398025488347275,27.413439436046062,4.108508296739606,5743.799317928218
81.59125768668355,1.4563831395517335,27.100472452259208,6.692792061017811,3054.4774531742255
87.20423033264298,1.6049873149397382,28.034252966078355,20.77921418613273,12571.160997026158
93.75181422304321,1.9012677198049404,35.28271782414771,2.9569516106482285,2665.0050357024747
100.26091050210833,2.003866645361192,19.34555782337042,4.368173874922965,4385.0640541733155
105.17659020469122,4.402464231364551,27.368160384057273,15.622557159218793,53155.19193669013
92.74256186846534,3.2448911531300997,20.368094350092306,18.706128019747286,41993.22130084976
101.86766764477078,3.0935636454974658,27.77756323171124,7.016639416754866,14689.781196482527
92.44617067646678,1.4590754874768699,20.40656744256953,3.9767847805703656,1825.6444117309375
93.88482197008052,4.44055877339774,22.91316593197458,21.07150704536794,72497.75843365295
85.93338903151778,3.891257212833935,23.524550428810468,16.3990137507852,47413.766790320595
90.76766753889096,1.2706734476000063,29.879083596723547,10.375772216792004,2808.446037431452
86.48315394383667,3.8313403889190747,29.59227221971207,4.922412842987324,13937.026293283978
90.24126747022667,3.1741528693705843,18.771413117768077,7.210118088395573,15675.898930385987
110.5364179660784,1.326901382987113,25.274670554999243,6.819730530907217,2229.3793421530077
90.50601111168056,2.833202566114626,21.452100726254137,8.71831209683593,15982.43210810781
126.32382064837391,2.938785148520188,18.707475446623327,15.264055017046182,29593.723173244198
104.93317900880889,1.663098160653103,23.914914747878147,11.469697074732764,7605.535033503572
101.84836123694873,4.782792588001129,23.457586057720903,4.311612488922266,16309.935765428247
91.41642219818786,4.399901485922648,37.13358243172761,14.70589192946986,49998.58382282245
107.00309879408991,3.6760893493164333,27.16479912680348,8.641412644798418,23125.192341793398
94.24362173762226,2.849182244002429,18.111912496228815,10.41797727426687,19264.738593995116
101.22009814645361,2.647062166338034,22.176129979145287,15.38311423559263,25336.945457900645
125.60084538268795,3.6038938686038167,30.106916477146992,4.23850187416721,11036.609042209784
99.03940100275351,3.181727477627622,35.442213864349625,7.257875902730969,15834.707286199537
111.49273326285676,1.2490924235275425,17.070083438810208,5.664806429353184,1411.0603623019888
92.96823574874112,3.0500105950813268,15.600378074304775,3.373903178364096,6916.537262424959
99.65011509503039,4.225614468931358,34.35482587685891,8.787717332199618,28345.788175621958
117.7080063563551,2.8369595103878322,26.94807088685452,25.939794994497614,47650.35311265308
93.73032942212232,1.2078263102170737,20.65853634061817,2.9445650869621276,611.9580972173555
118.12448557996929,4.145112797536132,27.673145430612177,7.270751778167277,22867.334465222495
107.07751935455475,1.8054551285438976,11.82126130491561,10.178437046298628,8198.274319502429
94.37533224105732,2.034483339552155,25.016877532985806,7.858054846609748,8129.026820104849
106.3240773905552,1.6588254137291836,26.639105864215427,6.9827021805507545,4600.381653049023
109.7255444962673,2.32086025948599,29.62135069768915,3.85893723666008,5097.116839754984
106.21809962217196,4.02700602275454,19.930520238537312,8.301144289212631,25127.613759201085
84.29775280109544,3.0775434380157494,25.428435807016797,5.061272892732367,10515.014286303118
92.72862824175131,1.8195250966028502,20.37287686970206,2.4720286949331136,2025.8895550200778
97.52481364448495,4.511320312608163,26.276918778371584,13.427382744322905,47147.84177530536
99.25566570899954,4.518327419806116,20.52326838818488,11.931630629997242,41979.38320851782
106.20672097550678,4.482313700184028,22.959495804198898,7.582405430474009,26404.31431088941
101.77701000933254,1.9551848455261571,20.020923026048855,8.285751427437708,7914.424197285223
86.64655641289899,2.8049573767239524,28.255681209118286,12.643699228161148,22821.33819094841
103.80197851005963,4.9399586245635,29.29225558328333,8.266157983777383,32568.32044018813
106.10585745283824,4.088049905239961,23.826897150212933,11.611648524225995,35857.350124915814
105.5979044793104,1.1086696849022393,25.191189974800142,6.367830938345901,691.9901815807797
110.80780725554622,1.2608183650419682,17.75704292683228,14.239102385728382,3713.8194039108653
108.33922154548904,2.855725507249331,23.501616759966065,8.674544896570529,16097.57422834544
104.59180079228437,4.636880823446241,24.748976914791275,8.141919571458994,29611.191155480847
99.29834288541353,3.154807191810857,38.103965455149876,3.915603450580345,8437.370475589934
83.39039066484008,2.991250032137161,19.440164871129184,8.529049517930343,16983.470126678232
104.29618219132585,1.4218947998265223,32.320886193762185,4.8745244026152275,2056.5364970908495
102.07687687163111,3.627120418897176,29.98429386732904,5.370165013049706,14108.070158630104
102.71578837195374,4.2884126424009015,26.403182022450682,4.915100425499364,16162.878377882158
87.2325142417969,2.5216800300302493,33.79310242097567,4.335697660884141,6597.544546816261
89.18943459591738,4.10244740370131,26.860527363034315,21.378499089275262,66325.66899455286
110.53152853332904,4.857906615603246,26.945795978339643,14.377572554632716,55467.332274833214
99.60444846143345,1.8150658365107564,24.734396734912274,19.301518104315495,15732.007999621417
106.81500697372624,3.093318524778965,31.117844412093138,4.009042722384086,8392.203397396901
100.28318376130461,2.148551832338302,30.482346169054416,7.657050634564306,8794.519536635993
100.29756139495746,4.171417676135357,21.871613562518938,3.8699678031126665,12273.284296866228
109.38283805975998,3.31037346352463,18.40376402700616,5.218200242958513,12055.991368689125
94.83955271782627,3.538329670201215,23.985096813021716,4.668960744627323,11851.361587092291
100.96120776940984,4.191656638463576,20.999807178011768,13.732866895913356,43830.59579347855
95.37724711294958,2.5838818906498195,24.682377126923225,6.061062780041747,9600.007575399773
95.65503772567685,4.660360273628173,31.187190673420695,12.606211476955108,46143.27569120202
96.90827876531361,3.13211546898456,22.71349172456605,9.994754894040147,21309.97151829213
102.22133771633713,1.631819291341392,24.785883093442127,23.378560304126758,14771.025403935366
95.21251378336522,3.78359647267521,25.290113674041976,3.5264012973407035,9816.078212514865
112.55756125573521,4.173045401753018,29.242154411026423,13.868451994201063,44005.227829632146
91.05392697780496,2.2670467082701067,13.765553330076974,13.107969908835173,16608.410125093214
98.13128355838641,4.428717027995011,21.966498526173517,4.541741736973588,15572.347230316982
95.60268941725825,4.624573019063066,26.056418461397364,12.226022454659567,44314.11111961826
114.46977884353733,2.1076179495112357,31.000394782134308,8.741418545837254,9682.152085559746
101.96554776511574,4.934085890860889,22.540487762468974,6.594670811233235,25944.001393344803
110.31844539468635,1.5628461121950337,15.61723646979063,4.894109095785238,2754.630277221073
85.14439626963028,1.8080626736099599,28.098557229830682,5.15746548773532,4167.555351070498
102.67050265869258,1.7368993569521045,21.823188055871853,20.59206995194986,15174.283105904604
108.89630795623437,4.575958840031482,19.051666704548193,7.391579223406574,26431.983065733773
100.82283989275425,3.6171702092998474,21.87827305143388,10.925123013833579,28592.90648474141
110.65480375065351,1.6084171328890915,24.07737321172075,4.975621608145048,3027.253433168621
94.82711549899628,2.761293673473396,21.976276677308938,5.003179082503767,8812.067665268314
114.0934744018558,3.461192100279208,13.972169714504654,12.692260580908817,31238.091476417972
122.9889812361925,1.3338563399575332,29.485330984435663,3.7629826248125835,1256.2956064437203
96.37161439560342,4.529665473629355,31.374375206393612,6.003803085695186,21191.41646204768
95.54497478599228,4.214414141766141,28.25760995669753,7.515846855430731,24159.04441944512
114.533844771177,3.020827094306553,19.311571647875915,7.812197551616322,15787.100478381579
115.79572145730712,4.868506461036682,23.99254233026241,6.756151056027954,26136.21401198394
94.77139972846732,2.671043917100399,24.96739342385271,9.006169932832446,15049.705482632166
95.79813182904142,4.936441276145992,27.993971947809552,10.448180808120702,41128.650193722715
97.18215391139493,3.6716799952145083,28.341702443590403,10.668748561522415,28503.482105793
86.55549488965723,3.538685093015766,21.32913100610752,4.5136136960908395,11458.643805897607
90.81348053515802,1.66381958118314,25.409977782067802,6.410404997254125,4255.352360491541
89.95859233247933,4.527711033218576,27.286402023076207,13.428528426645302,47371.96789056592
92.32202434895872,2.7099587516824606,32.279111610733835,11.557373063596177,19762.631216555415
99.65315112613219,1.6489336231299174,28.522532699123616,3.71942941798787,2413.6628081908684
102.3421473253652,1.0504300799030362,28.945283436877595,8.808700710927074,444.22348069398373
115.50500492814076,3.2390227345535303,25.419133139646803,2.7480384748867897,6152.920620699333
90.0164595926121,3.1095984884907053,32.05229572601752,7.564509076100056,15958.076913114899
109.84322398476584,3.8774144894766343,27.048813979797487,19.08463399473466,54914.40238280785
97.86011155774491,4.561032212071209,20.694560449132148,4.599987754220404,16380.704567911955
99.50536290347567,1.317626338572118,32.01684985062595,4.8687560694717025,1546.4451637470738
106.74819492166604,3.9259859613614494,28.489516362695138,10.826695510688857,31678.759072210625
88.77277978437701,1.7496477763903289,22.784779894357587,3.416440577866879,2561.127082367596
103.82409746184051,4.432708212628656,22.602535163003783,5.38502786448065,18485.229375636878
101.66452208213056,4.276254055446625,26.48287772570381,9.95644986491008,32619.859247762655
104.92451264008149,3.1631750199421775,27.315923976337924,5.3809076932237065,11639.845106596209
102.89168643907819,3.840971194493246,25.986461328156032,6.5667235297722035,18655.872390283843
124.55300139910895,2.2574004527349936,26.556543367214424,10.719803820594407,13479.086177245721
93.62260015748684,2.8846715957312585,33.4997868728819,9.122765947008695,17193.41785483166
94.69003044998182,4.286547590841886,30.35771576117443,8.443603716855996,27750.305453656667
93.76859473575236,2.8370607886928556,25.95317795632512,6.236623064705114,11457.05568602723
94.44522880839746,2.431193061301767,29.706552903837416,8.890920234711082,12724.623348505978
93.62612872693482,2.9768497890011996,19.837380482362303,6.9457756869157965,13730.755201129154
111.89016531107552,4.312997009748873,26.989635249734043,9.2896679082899,30776.642001724507
114.20504247989855,2.340832189483491,34.04653174866555,5.763436938330122,7727.801768971204
94.29253706250523,1.6950463725429752,23.90977052303813,6.74442011107906,4687.68473311139
91.67644426895771,3.848056081323123,20.761830356904575,4.5042486857065285,12828.352861118163
104.71415556386404,4.303912850832328,21.7395555570347,7.260844867478926,23989.19866556357
94.47776955719029,1.4025499140941333,19.55183481328806,4.925863396462222,1982.905887085303
106.32931817755511,1.959496451023779,21.076190459361484,4.233278597206069,4061.815790214144
102.029230208513,1.5678879590439756,23.147459507049856,8.409235565263371,4775.503622277428
84.84255885002769,2.3917656463286665,17.97216490410679,8.21835352515266,11438.022105691565
115.47505201330061,2.8014039156216506,25.078091669748016,10.929186458852449,19687.879281535923
117.95877673095522,3.995305347853226,29.511385868933235,5.956226930249976,17840.718377205158
93.87211309515614,3.6045903395266965,20.4612190992654,9.061425280570994,23601.300748118196
96.12298440064016,3.4837142699137247,32.59641961820884,9.73179914542249,24171.008409420032
102.85865390724905,2.4094997864386176,27.553960442637973,9.229334129371342,13008.744484319552
103.34456789987026,4.365790212339039,30.152902928120287,4.889906382394558,16458.399041117802
106.5854427267283,2.8851486695926583,21.710827230739316,7.962012074839726,15009.57647016479
120.1020453876635,4.916419752060618,29.272626135333077,8.864638390738122,34717.644888361625
98.2305277250595,3.5365685531829474,19.540330498023437,7.41562479838384,18810.24066578408
92.01702755461547,1.505058966258011,29.451237504182544,2.6032513182512225,1314.7954197057668
86.20680771985472,3.704710248301736,25.859196698967658,8.006428744119189,21655.06987651677
92.69069960058081,2.300416061726796,27.76625609992392,22.337469603442738,29048.004250651018
99.66873027126204,3.7453087867443897,19.12202697187574,6.171737270468397,16943.324558094726
117.94557863517788,1.278564592649623,20.524650788616977,5.134392091484042,1430.2598414676977
94.82388700963828,1.6995257487038375,27.986141091266923,8.905546455296758,6229.659051758271
102.23787951638899,4.422949035623145,20.258259978878996,8.638155750545621,29567.966895892663
99.83577103927247,1.9087182280940596,27.316031460495616,13.414920836046345,12190.383092154114
111.88393273448084,4.348164500971761,18.16431096769877,3.939547708980999,13190.25378909481
125.26932425873622,2.1171043538176417,29.24087106333334,10.65138708382733,11898.710885540506
94.6913122707968,3.5715276402348306,18.837383426157455,9.926530593229648,25526.34779212669
95.10560557481777,3.776602294039324,27.761499688397617,6.882119914075542,19108.909941275866
110.44160877069072,3.0506190125802117,28.128154668230003,8.752537505542055,17948.119817185918
106.81891489626311,2.221242706786925,21.516140907852126,12.36325467763391,15098.534607209749
118.46707325736034,1.8505775054843845,27.910132835423635,11.429042345652222,9721.286328440267
105.83928185325964,1.1327574182497049,26.30221131666778,4.172395552822529,553.9164615092691
96.40707909212941,2.2157856049628952,22.30579071903631,11.134841802486543,13537.580377002236
105.9065483069231,3.612651162125132,19.95722657961896,7.153885942161263,18690.60842049827
111.08703580582907,4.753219273793931,15.186871541637105,7.663256691959539,28761.88271629286
108.20482181197364,4.484817929052208,26.748250236498468,7.664493997754754,26709.3661004888
105.07274031107298,4.06425910614121,17.175986143189725,6.854315854323063,21003.39977297751
110.66674689589154,4.153789373013195,25.47672099720654,13.40802956217609,42286.101146237714
111.69295590445672,3.659939613903981,23.682758919588753,7.0861418180163,18848.709331483133
113.82158991037527,2.041147430264012,28.39571387719098,4.2216537527047056,4395.363956092927
106.48709887589642,4.628780122823319,23.48977250255068,6.069250200661888,22023.974488603304
98.32881919683146,3.682929247623336,23.35276106826454,8.079640333852822,21677.103361970912
101.46713686433323,3.24176252392176,28.659353521441478,13.661851574636868,30626.626867402414
112.06508966508358,1.4439578768539243,26.675290145420586,9.989627877572262,4434.973983087755
91.83064329012764,2.7882221752257017,26.58077978591389,4.829448894449553,8636.12760717394
103.68673308872901,2.841433084807705,27.34633794904263,25.60006673554756,47140.80986012246
96.0666118767264,4.45825443809068,17.32213938396447,8.434982619624982,29170.31607953585
100.28744822934817,3.186592880751154,28.78394339993491,13.980945530043702,30570.635962163225
112.78451862607298,2.5216021958816386,28.06234397006801,6.849274835307103,10421.871629600137
101.91099068019903,4.907201314042638,19.916584357117515,9.64731484621474,37694.00124411328
100.46436548156149,1.4428823733052627,23.779597631628995,11.242871150242177,4979.269457784524
86.40143859020081,2.6901937132477785,24.803463561861843,13.586781286861306,22964.29231432554
107.46253566027221,1.1680987006856212,24.327516077991337,12.536998502520941,2107.4531587713486
106.45484181141076,3.9596164830677214,26.669299832842672,11.428365880910404,33823.58003567119
121.6325472330546,4.672306208796602,32.15683390915592,6.312025569076147,23179.690687401242
96.92221765046999,2.1201493182019577,30.408833638364143,5.551826535008471,6218.874707965275
102.1915032766394,4.433366707196484,18.43890403284297,8.725971033747978,29959.458435231194
102.49383683710755,2.168872921847591,28.110349951530242,11.781895059030333,13771.538102550481
115.77453279763475,4.643080646575661,31.64466659767705,6.61037014225805,24082.1115319619
99.04704467613048,4.015847614387136,26.934042603446013,12.586011299117423,37957.49215109281
102.7902152577034,4.2196271073657545,30.454902125929834,15.276388066959214,49184.27312302063
106.0789650971654,1.072026222401818,35.06135222850382,4.673178870652661,336.5914206611052
101.86609123156359,4.851241428296104,30.118547730534907,4.862436492067083,18726.41686070753
95.53566385449471,3.906683968281293,26.246542978208645,6.888218376631687,20021.873925375916
101.94089992898307,2.2190043815445333,30.225442370423767,8.617597504855764,10504.889116806413
110.73631749859771,4.317578659435387,25.724439165484455,5.68434834257274,18858.272754116235
89.73484700588939,2.12608479365972,25.119515216424777,14.528341667341868,16360.144628686576
101.32969674146877,4.491015358264512,23.242928821431338,9.134271429944171,31887.88184849185
92.99879185060827,1.450321561647748,32.81706679416054,7.536241056729077,3393.731841620113
111.95046628924842,3.814743909843183,20.907856670289995,3.6040032375454536,10144.346163936181
84.76813095216225,3.1627939065796413,32.66183862339058,3.8270416584331737,8277.102379085713
94.41078152728412,1.3861378807817633,27.49932061870186,8.503727741155412,3283.6114087148417
103.7721187506452,1.967575313035356,18.003469125990293,2.543909795034611,2461.424316264322
115.65524029234341,1.0496161451092592,26.83824646495711,12.259715256395971,608.2798111595408
99.34249738927012,2.8750718618580233,14.49986746174188,6.8272576515933086,12801.598716157501
94.44800473306802,2.2050610430400015,28.12754008415518,37.395354474634004,45063.68486805304
118.8115706944059,3.3934299371910353,29.426157414944953,23.428614690386215,56074.74778688404
85.51986099583756,2.1889512308344687,22.03822022173973,6.748197723969834,8023.277989828294
78.01194043379918,2.1996764460279388,25.617738479777913,7.006452419764196,8405.475938206562
104.40014450053333,3.9727727949264136,34.77078716875143,12.155609579211081,36135.86546282561
94.97945775647389,1.1925713439134138,22.471266478690318,17.31522729730861,3334.4165908089467
89.78767182869287,4.611579980767949,19.705462064716997,3.257582875975386,11765.021100565187
107.08356447299353,4.409055497564726,32.40831701231299,3.0247010716864646,10311.37381692266
102.43800713771199,3.671218732905626,34.81293595265397,5.413969714334917,14461.897320315153
94.35921369263272,3.372886280429537,25.018478359239236,9.888463667809164,23464.199771870306
87.19695601329106,4.5692099925586085,30.05731517704178,9.472916148789192,33810.8269769282
108.72457328280144,1.7413207181148578,31.707379577654407,12.614989219211779,9351.752866997263
106.50201177958661,1.3158766487633144,21.28757883730808,4.055813304704318,1281.1367146996636
99.00824136220618,1.9580406796381524,22.57347082316066,2.320837399275061,2223.4566393311216
118.46636996047665,4.178313114800761,31.154372565773674,11.34760941655614,36066.25583027698
89.29915233673847,1.1386810669059333,33.425071393542545,4.883693818299211,677.2758691636457
84.74474829075261,3.3312273403339585,27.814404300871775,2.693269997491893,6278.624653054272
93.08091930118755,4.98175006476524,20.60092823248973,7.9449131853879,31634.65859047248
99.54413983644503,4.422784375350158,34.935305558497205,10.985627681858483,37601.43478287939
102.43339449322691,3.085782756174358,22.345145510940178,6.9515971153015395,14499.521390967358
97.5876394214367,1.2545636371465694,23.32431109414274,5.877172664554595,1496.1144496274123
103.52055396514297,4.325494057542839,26.711689172448107,6.823133910151787,22690.2912720288
87.48460575809555,3.395914032708842,32.77080210357387,6.139287043969249,14709.20397947351
114.4376460407326,1.4597319882382673,29.269879882761117,3.765860712527677,1731.2866327987267
99.17848821607431,1.3754291392934248,27.074327501809552,5.168898767629875,1940.5552154261281
111.17295831588127,4.63850727774637,27.31644265059053,9.58922385144462,34890.46077142032
103.42725346377703,3.6768010517523138,25.21757334321733,8.67841814485605,23230.398817697034
104.56753219153784,4.317147197267023,27.79069757259253,8.036791231613005,26659.21950896526
105.69767280232205,4.51591560112907,12.352199611528485,4.492573764749902,15795.51018870734
104.47708560017315,3.287089408193289,23.516962704651007,6.748015211685649,15433.31411697344
106.42722759867544,3.069785407020165,26.206609674583905,2.4879708953015145,5149.56585218597
113.29152530132431,2.7217096412839608,19.244929581902465,8.07875948726727,13909.278098842327
101.9652116970147,2.267786351164477,26.9316165890578,15.095985596015584,19138.484496004105
107.09003757588512,2.738383843434847,23.97764389506939,3.5357800294660953,6146.542877163448
99.10264305712774,4.0955186229206255,33.77737849157745,5.512598799042335,17064.352243125424
114.40117215449473,3.4076937240605263,32.865098626074285,8.710710751851336,20972.72360933901
93.2360769794073,4.570093159819384,22.670972154409185,13.82420881519892,49353.713331056504
118.00940432910815,2.773520057516751,24.245811442166524,5.905521093185408,10473.560108852571
99.59842049355656,3.428358314875016,24.630262171958037,5.227195157013901,12693.502823009121
85.69224897881952,3.525230212367955,22.741702619201888,2.7608495181261024,6971.7806149735425
101.2810441491079,3.366788649225302,25.975124920140633,7.781266114900403,18416.612317347743
93.1894834252512,3.8105350923420653,21.20858965556205,20.512573099617033,57651.306530705515
108.40643548988724,1.9497338734992251,19.346923325312368,8.48821924507603,8061.5493427367255
93.4737602069761,3.0494551101831626,28.113556119501343,7.307202535303234,14975.783577120576
95.5381656678522,1.4168992112333907,28.147647921109055,8.680170361525324,3618.756177091363
81.10459269054469,2.53804531057925,20.978421201700037,7.348189806235281,11301.848872726423
95.47693680750923,2.9506682744850576,29.476777153812996,4.920906757706949,9599.056693958073
75.76120673371044,3.60889703818189,21.842111354173344,11.152235352291683,29095.033779701134
84.16097176514276,4.8021242103448145,26.265826190189905,8.272036759110932,31451.31123067793
107.60414656144297,3.4026042661934235,29.10172006306228,7.45441613049248,17910.011997102305
107.85800158650832,3.974375664706239,24.831937176481436,4.5372313279229965,13495.430446916935
104.25457561784965,3.025064237980811,27.27370456070567,14.17888613191359,28713.15524014028
90.33023856870787,3.5364161255053252,22.417851780562142,10.302137239245726,26130.50702079177
99.5228864385802,1.2837288645350937,24.017667082859514,5.604330381462629,1590.1102956119203
99.96397460909432,2.017566323367388,23.970702845598296,12.19361466782747,12407.811646099852
88.41635310807457,2.447412372820555,21.267108267298806,5.761596352302941,8339.405847521053
115.0339830176715,2.8899734200260543,24.11612918442109,4.997802189730501,9445.713297138658
108.77362290575671,1.182594982009535,17.256908505681267,5.053840459331318,922.8059077506618
97.79035826170336,1.5600963902132707,22.544231264289476,3.047939301609365,1707.1398004205626
100.26885838994531,2.107257231165223,23.575622533151645,9.35369254754206,10356.943711362204
102.08382807947552,4.886130763604203,23.7191012375231,2.9577462042603093,11494.188515309546
79.58265131575709,2.325388028412203,23.792512770646105,3.9979354259805557,5298.81575195967
97.52822617479403,2.92816423244833,24.691179000699357,2.617464223464485,5046.9008953973635
93.18015752002202,1.7843908509535717,27.39720759043032,7.077814358394656,5551.772827472593
89.98379990105084,3.443120284303073,29.372585370662613,6.854050352490383,16745.269445803882
97.18899707114045,2.122732862063897,21.751173865758666,6.275492031930252,7045.701129868234
117.97686526849523,1.827970313753707,18.983995723054278,4.387287491638175,3632.5438009793743
106.4084286126701,3.0662905137839163,19.789777938784486,4.111891424603157,8496.362244366937
94.28821010217203,1.0220231966416833,22.563985394025366,9.320207866984365,205.2607705959602
105.72582781356158,1.0306561305969013,23.240393410917456,5.610972379229889,172.01070203327754
